[
    {
        "artista": "True Damage",
        "nombre": "GIANTS",
        "fechasalida": {
            "dia": "09",
            "mes": "11",
            "ano": "2019"
        },
        "descripcion": "League of Legends",
        "genero": "Hip Hop",
        "precio": 23.82,
        "existencias": 999,
        "ventas": 0,
        "numerocanciones": 5,
        "_class": "gal.usc.etse.grei.es.project.model.Disco"
    },
    {
        "artista": "Against The Current",
        "nombre": "Phoenix",
        "fechasalida": {
            "dia": "18",
            "mes": "09",
            "ano": "2019"
        },
        "descripcion": "League of Legends",
        "genero": "Pop",
        "precio": 16.76,
        "existencias": 999,
        "ventas": 0,
        "numerocanciones": 7,
        "_class": "gal.usc.etse.grei.es.project.model.Disco"
    },
    {
        "artista": "Nicki Nicole",
        "nombre": "Recuerdos",
        "fechasalida": {
            "dia": "16",
            "mes": "05",
            "ano": "2019"
        },
        "descripcion": null,
        "genero": "Hip Hop",
        "precio": 13.29,
        "existencias": 999,
        "ventas": 0,
        "numerocanciones": 7,
        "_class": "gal.usc.etse.grei.es.project.model.Disco"
    },
    {
        "artista": "Nicki Nicole",
        "nombre": "Parte de mi",
        "fechasalida": {
            "dia": "14",
            "mes": "10",
            "ano": "2021"
        },
        "descripcion": null,
        "genero": "Hip Hop",
        "precio": 29.46,
        "existencias": 999,
        "ventas": 0,
        "numerocanciones": 14,
        "_class": "gal.usc.etse.grei.es.project.model.Disco"
    },
    {
        "artista": "Nicki Nicole",
        "nombre": "Mala vida",
        "fechasalida": {
            "dia": "15",
            "mes": "10",
            "ano": "2020"
        },
        "descripcion": null,
        "genero": "Hip Hop",
        "precio": 26.5,
        "existencias": 999,
        "ventas": 0,
        "numerocanciones": 12,
        "_class": "gal.usc.etse.grei.es.project.model.Disco"
    },
    {
        "artista": "Nicki Nicole",
        "nombre": "Colocao",
        "fechasalida": {
            "dia": "20",
            "mes": "08",
            "ano": "2020"
        },
        "descripcion": null,
        "genero": "Hip Hop",
        "precio": 19.13,
        "existencias": 999,
        "ventas": 0,
        "numerocanciones": 15,
        "_class": "gal.usc.etse.grei.es.project.model.Disco"
    },
    {
        "artista": "Mahmood",
        "nombre": "Brividi",
        "fechasalida": {
            "dia": "14",
            "mes": "05",
            "ano": "2022"
        },
        "descripcion": "Eurovision 2022",
        "genero": "Pop",
        "precio": 25.22,
        "existencias": 999,
        "ventas": 0,
        "numerocanciones": 9,
        "_class": "gal.usc.etse.grei.es.project.model.Disco"
    },
    {
        "artista": "Amanda Tenfjord",
        "nombre": "Die Together",
        "fechasalida": {
            "dia": "14",
            "mes": "05",
            "ano": "2022"
        },
        "descripcion": "Eurovision 2022",
        "genero": "Pop",
        "precio": 11.55,
        "existencias": 999,
        "ventas": 0,
        "numerocanciones": 10,
        "_class": "gal.usc.etse.grei.es.project.model.Disco"
    },
    {
        "artista": "Katie Garfield",
        "nombre": "Gallows",
        "fechasalida": {
            "dia": "25",
            "mes": "10",
            "ano": "2020"
        },
        "descripcion": null,
        "genero": "Pop",
        "precio": 22.62,
        "existencias": 999,
        "ventas": 0,
        "numerocanciones": 14,
        "_class": "gal.usc.etse.grei.es.project.model.Disco"
    },
    {
        "artista": "Ofenbach",
        "nombre": "Insane",
        "fechasalida": {
            "dia": "09",
            "mes": "11",
            "ano": "2019"
        },
        "descripcion": null,
        "genero": "Pop",
        "precio": 25.55,
        "existencias": 999,
        "ventas": 0,
        "numerocanciones": 7,
        "_class": "gal.usc.etse.grei.es.project.model.Disco"
    },
    {
        "artista": "Bizarrap",
        "nombre": "Bzrp Music Sessions, 23",
        "fechasalida": {
            "dia": "25",
            "mes": "04",
            "ano": "2022"
        },
        "descripcion": "Bizarrap",
        "genero": "Hip Hop",
        "precio": 22.98,
        "existencias": 999,
        "ventas": 0,
        "numerocanciones": 7,
        "_class": "gal.usc.etse.grei.es.project.model.Disco"
    },
    {
        "artista": "Bizarrap",
        "nombre": "Bzrp Music Sessions, 48",
        "fechasalida": {
            "dia": "29",
            "mes": "12",
            "ano": "2021"
        },
        "descripcion": "Bizarrap",
        "genero": "Hip Hop",
        "precio": 21.66,
        "existencias": 999,
        "ventas": 0,
        "numerocanciones": 9,
        "_class": "gal.usc.etse.grei.es.project.model.Disco"
    },
    {
        "artista": "Bizarrap",
        "nombre": "Bzrp Music Sessions, 49",
        "fechasalida": {
            "dia": "03",
            "mes": "03",
            "ano": "2022"
        },
        "descripcion": "Bizarrap",
        "genero": "Hip Hop",
        "precio": 20.24,
        "existencias": 999,
        "ventas": 0,
        "numerocanciones": 10,
        "_class": "gal.usc.etse.grei.es.project.model.Disco"
    },
    {
        "artista": "Bizarrap",
        "nombre": "Bzrp Music Sessions, 47",
        "fechasalida": {
            "dia": "08",
            "mes": "12",
            "ano": "2021"
        },
        "descripcion": "Bizarrap",
        "genero": "Hip Hop",
        "precio": 21.17,
        "existencias": 999,
        "ventas": 0,
        "numerocanciones": 16,
        "_class": "gal.usc.etse.grei.es.project.model.Disco"
    },
    {
        "artista": "Bizarrap",
        "nombre": "Bzrp Music Sessions, 40",
        "fechasalida": {
            "dia": "09",
            "mes": "06",
            "ano": "2021"
        },
        "descripcion": "Bizarrap",
        "genero": "Hip Hop",
        "precio": 24.45,
        "existencias": 999,
        "ventas": 0,
        "numerocanciones": 15,
        "_class": "gal.usc.etse.grei.es.project.model.Disco"
    },
    {
        "artista": "Bizarrap",
        "nombre": "Bzrp Music Sessions, 36",
        "fechasalida": {
            "dia": "27",
            "mes": "11",
            "ano": "2020"
        },
        "descripcion": "Bizarrap",
        "genero": "Hip Hop",
        "precio": 13.01,
        "existencias": 999,
        "ventas": 0,
        "numerocanciones": 7,
        "_class": "gal.usc.etse.grei.es.project.model.Disco"
    },
    {
        "artista": "Adele",
        "nombre": "19",
        "fechasalida": {
            "dia": "10",
            "mes": "11",
            "ano": "2008"
        },
        "descripcion": null,
        "genero": "Pop",
        "precio": 20.3,
        "existencias": 0,
        "ventas": 0,
        "numerocanciones": 15,
        "_class": "gal.usc.etse.grei.es.project.model.Disco"
    },
    {
        "artista": "Adele",
        "nombre": "21",
        "fechasalida": {
            "dia": "20",
            "mes": "07",
            "ano": "2011"
        },
        "descripcion": null,
        "genero": "Pop",
        "precio": 13.08,
        "existencias": 15,
        "ventas": 0,
        "numerocanciones": 7,
        "_class": "gal.usc.etse.grei.es.project.model.Disco"
    },
    {
        "artista": "Adele",
        "nombre": "25",
        "fechasalida": {
            "dia": "19",
            "mes": "11",
            "ano": "2015"
        },
        "descripcion": null,
        "genero": "Pop",
        "precio": 26.57,
        "existencias": 999,
        "ventas": 0,
        "numerocanciones": 9,
        "_class": "gal.usc.etse.grei.es.project.model.Disco"
    },
    {
        "artista": "Adele",
        "nombre": "30",
        "fechasalida": {
            "dia": "20",
            "mes": "09",
            "ano": "2021"
        },
        "descripcion": null,
        "genero": "Pop",
        "precio": 15.42,
        "existencias": 999,
        "ventas": 0,
        "numerocanciones": 15,
        "_class": "gal.usc.etse.grei.es.project.model.Disco"
    },
    {
        "artista": "Ed Sheeran",
        "nombre": "+",
        "fechasalida": {
            "dia": "14",
            "mes": "06",
            "ano": "2011"
        },
        "descripcion": null,
        "genero": "Pop",
        "precio": 19.54,
        "existencias": 15,
        "ventas": 0,
        "numerocanciones": 11,
        "_class": "gal.usc.etse.grei.es.project.model.Disco"
    },
    {
        "artista": "Ed Sheeran",
        "nombre": "No.5 Collaborations Project",
        "fechasalida": {
            "dia": "14",
            "mes": "09",
            "ano": "2011"
        },
        "descripcion": null,
        "genero": "Pop",
        "precio": 19.73,
        "existencias": 39,
        "ventas": 0,
        "numerocanciones": 4,
        "_class": "gal.usc.etse.grei.es.project.model.Disco"
    },
    {
        "artista": "Ed Sheeran",
        "nombre": "Live at the Bedford",
        "fechasalida": {
            "dia": "24",
            "mes": "11",
            "ano": "2021"
        },
        "descripcion": null,
        "genero": "Pop",
        "precio": 19.78,
        "existencias": 36,
        "ventas": 0,
        "numerocanciones": 8,
        "_class": "gal.usc.etse.grei.es.project.model.Disco"
    },
    {
        "artista": "Ed Sheeran",
        "nombre": "Loose Change",
        "fechasalida": {
            "dia": "21",
            "mes": "12",
            "ano": "2011"
        },
        "descripcion": null,
        "genero": "Pop",
        "precio": 12.64,
        "existencias": 999,
        "ventas": 0,
        "numerocanciones": 10,
        "_class": "gal.usc.etse.grei.es.project.model.Disco"
    },
    {
        "artista": "Ed Sheeran",
        "nombre": "x(Deluxe Edition)",
        "fechasalida": {
            "dia": "16",
            "mes": "06",
            "ano": "2014"
        },
        "descripcion": null,
        "genero": "Pop",
        "precio": 16.3,
        "existencias": 999,
        "ventas": 0,
        "numerocanciones": 13,
        "_class": "gal.usc.etse.grei.es.project.model.Disco"
    },
    {
        "artista": "Ed Sheeran",
        "nombre": "5",
        "fechasalida": {
            "dia": "19",
            "mes": "11",
            "ano": "2014"
        },
        "descripcion": null,
        "genero": "Pop",
        "precio": 29.52,
        "existencias": 999,
        "ventas": 0,
        "numerocanciones": 8,
        "_class": "gal.usc.etse.grei.es.project.model.Disco"
    },
    {
        "artista": "Ed Sheeran",
        "nombre": "x(Wembley Edition)",
        "fechasalida": {
            "dia": "17",
            "mes": "08",
            "ano": "2015"
        },
        "descripcion": null,
        "genero": "Pop",
        "precio": 27.54,
        "existencias": 999,
        "ventas": 0,
        "numerocanciones": 8,
        "_class": "gal.usc.etse.grei.es.project.model.Disco"
    },
    {
        "artista": "Ed Sheeran",
        "nombre": "\u00f7(Deluxe)",
        "fechasalida": {
            "dia": "15",
            "mes": "03",
            "ano": "2017"
        },
        "descripcion": null,
        "genero": "Pop",
        "precio": 26.89,
        "existencias": 999,
        "ventas": 0,
        "numerocanciones": 9,
        "_class": "gal.usc.etse.grei.es.project.model.Disco"
    },
    {
        "artista": "Ed Sheeran",
        "nombre": "No.6 Collaborations Project",
        "fechasalida": {
            "dia": "23",
            "mes": "04",
            "ano": "2019"
        },
        "descripcion": null,
        "genero": "Pop",
        "precio": 10.19,
        "existencias": 999,
        "ventas": 0,
        "numerocanciones": 16,
        "_class": "gal.usc.etse.grei.es.project.model.Disco"
    },
    {
        "artista": "Ed Sheeran",
        "nombre": "=",
        "fechasalida": {
            "dia": "22",
            "mes": "11",
            "ano": "2021"
        },
        "descripcion": null,
        "genero": "Pop",
        "precio": 25.26,
        "existencias": 999,
        "ventas": 0,
        "numerocanciones": 12,
        "_class": "gal.usc.etse.grei.es.project.model.Disco"
    },
    {
        "artista": "Metallica",
        "nombre": "The Metallica Blacklist",
        "fechasalida": {
            "dia": "16",
            "mes": "06",
            "ano": "2021"
        },
        "descripcion": null,
        "genero": "Rock",
        "precio": 20.94,
        "existencias": 999,
        "ventas": 0,
        "numerocanciones": 15,
        "_class": "gal.usc.etse.grei.es.project.model.Disco"
    },
    {
        "artista": "Metallica",
        "nombre": "S&M2",
        "fechasalida": {
            "dia": "16",
            "mes": "11",
            "ano": "2020"
        },
        "descripcion": null,
        "genero": "Rock",
        "precio": 26.82,
        "existencias": 999,
        "ventas": 0,
        "numerocanciones": 7,
        "_class": "gal.usc.etse.grei.es.project.model.Disco"
    },
    {
        "artista": "Metallica",
        "nombre": "Lulu",
        "fechasalida": {
            "dia": "19",
            "mes": "10",
            "ano": "2011"
        },
        "descripcion": null,
        "genero": "Rock",
        "precio": 18.91,
        "existencias": 999,
        "ventas": 0,
        "numerocanciones": 9,
        "_class": "gal.usc.etse.grei.es.project.model.Disco"
    },
    {
        "artista": "Metallica",
        "nombre": "St. Anger",
        "fechasalida": {
            "dia": "21",
            "mes": "04",
            "ano": "2003"
        },
        "descripcion": null,
        "genero": "Rock",
        "precio": 22.61,
        "existencias": 999,
        "ventas": 0,
        "numerocanciones": 12,
        "_class": "gal.usc.etse.grei.es.project.model.Disco"
    },
    {
        "artista": "Rammstein",
        "nombre": "Zeit",
        "fechasalida": {
            "dia": "14",
            "mes": "03",
            "ano": "2022"
        },
        "descripcion": null,
        "genero": "Rock",
        "precio": 19.16,
        "existencias": 999,
        "ventas": 0,
        "numerocanciones": 10,
        "_class": "gal.usc.etse.grei.es.project.model.Disco"
    },
    {
        "artista": "Rammstein",
        "nombre": "Rammstein",
        "fechasalida": {
            "dia": "12",
            "mes": "08",
            "ano": "2019"
        },
        "descripcion": null,
        "genero": "Rock",
        "precio": 23.02,
        "existencias": 457,
        "ventas": 0,
        "numerocanciones": 10,
        "_class": "gal.usc.etse.grei.es.project.model.Disco"
    },
    {
        "artista": "Rammstein",
        "nombre": "XXI-Klavier",
        "fechasalida": {
            "dia": "20",
            "mes": "05",
            "ano": "2015"
        },
        "descripcion": null,
        "genero": "Rock",
        "precio": 25.09,
        "existencias": 236,
        "ventas": 0,
        "numerocanciones": 8,
        "_class": "gal.usc.etse.grei.es.project.model.Disco"
    },
    {
        "artista": "Rammstein",
        "nombre": "Rosenrot",
        "fechasalida": {
            "dia": "19",
            "mes": "09",
            "ano": "2005"
        },
        "descripcion": null,
        "genero": "Rock",
        "precio": 23.75,
        "existencias": 5,
        "ventas": 0,
        "numerocanciones": 11,
        "_class": "gal.usc.etse.grei.es.project.model.Disco"
    },
    {
        "artista": "Rammstein",
        "nombre": "Mutter",
        "fechasalida": {
            "dia": "21",
            "mes": "03",
            "ano": "2001"
        },
        "descripcion": null,
        "genero": "Rock",
        "precio": 21.02,
        "existencias": 0,
        "ventas": 0,
        "numerocanciones": 11,
        "_class": "gal.usc.etse.grei.es.project.model.Disco"
    },
    {
        "artista": "Eminem",
        "nombre": "Music to be murdered by B",
        "fechasalida": {
            "dia": "06",
            "mes": "07",
            "ano": "2020"
        },
        "descripcion": null,
        "genero": "Rap",
        "precio": 22.83,
        "existencias": 999,
        "ventas": 0,
        "numerocanciones": 14,
        "_class": "gal.usc.etse.grei.es.project.model.Disco"
    },
    {
        "artista": "Eminem",
        "nombre": "Music to be murdered by",
        "fechasalida": {
            "dia": "06",
            "mes": "07",
            "ano": "2020"
        },
        "descripcion": null,
        "genero": "Rap",
        "precio": 27.18,
        "existencias": 999,
        "ventas": 0,
        "numerocanciones": 8,
        "_class": "gal.usc.etse.grei.es.project.model.Disco"
    },
    {
        "artista": "Eminem",
        "nombre": "Kamikaze",
        "fechasalida": {
            "dia": "17",
            "mes": "10",
            "ano": "2018"
        },
        "descripcion": null,
        "genero": "Rap",
        "precio": 10.24,
        "existencias": 999,
        "ventas": 0,
        "numerocanciones": 13,
        "_class": "gal.usc.etse.grei.es.project.model.Disco"
    },
    {
        "artista": "Eminem",
        "nombre": "Revival",
        "fechasalida": {
            "dia": "20",
            "mes": "03",
            "ano": "2017"
        },
        "descripcion": null,
        "genero": "Rap",
        "precio": 19.21,
        "existencias": 999,
        "ventas": 0,
        "numerocanciones": 10,
        "_class": "gal.usc.etse.grei.es.project.model.Disco"
    },
    {
        "artista": "Eminem",
        "nombre": "Recovery",
        "fechasalida": {
            "dia": "20",
            "mes": "12",
            "ano": "2010"
        },
        "descripcion": null,
        "genero": "Rap",
        "precio": 17.09,
        "existencias": 999,
        "ventas": 0,
        "numerocanciones": 14,
        "_class": "gal.usc.etse.grei.es.project.model.Disco"
    },
    {
        "artista": "Chuty",
        "nombre": "Radiante",
        "fechasalida": {
            "dia": "03",
            "mes": "05",
            "ano": "2021"
        },
        "descripcion": null,
        "genero": "Hip Hop",
        "precio": 24.41,
        "existencias": 999,
        "ventas": 0,
        "numerocanciones": 14,
        "_class": "gal.usc.etse.grei.es.project.model.Disco"
    },
    {
        "artista": "Debussy",
        "nombre": "Clair de Lune",
        "fechasalida": {
            "dia": "10",
            "mes": "10",
            "ano": "1898"
        },
        "descripcion": null,
        "genero": "Cl\u00e1sica",
        "precio": 10.45,
        "existencias": 6,
        "ventas": 0,
        "numerocanciones": 15,
        "_class": "gal.usc.etse.grei.es.project.model.Disco"
    },
    {
        "artista": "John Coltrane",
        "nombre": "Coltrane for lovers",
        "fechasalida": {
            "dia": "07",
            "mes": "03",
            "ano": "2022"
        },
        "descripcion": null,
        "genero": "Jazz",
        "precio": 12.41,
        "existencias": 999,
        "ventas": 0,
        "numerocanciones": 15,
        "_class": "gal.usc.etse.grei.es.project.model.Disco"
    },
    {
        "artista": "John Coltrane",
        "nombre": "A Love Supreme",
        "fechasalida": {
            "dia": "16",
            "mes": "08",
            "ano": "2021"
        },
        "descripcion": null,
        "genero": "Jazz",
        "precio": 10.49,
        "existencias": 999,
        "ventas": 0,
        "numerocanciones": 4,
        "_class": "gal.usc.etse.grei.es.project.model.Disco"
    },
    {
        "artista": "Everglow",
        "nombre": "Return of the Girl",
        "fechasalida": {
            "dia": "22",
            "mes": "11",
            "ano": "2021"
        },
        "descripcion": null,
        "genero": "Kpop",
        "precio": 18.2,
        "existencias": 999,
        "ventas": 0,
        "numerocanciones": 12,
        "_class": "gal.usc.etse.grei.es.project.model.Disco"
    },
    {
        "artista": "Everglow",
        "nombre": "Last Melody",
        "fechasalida": {
            "dia": "12",
            "mes": "07",
            "ano": "2021"
        },
        "descripcion": null,
        "genero": "Kpop",
        "precio": 21.96,
        "existencias": 999,
        "ventas": 0,
        "numerocanciones": 16,
        "_class": "gal.usc.etse.grei.es.project.model.Disco"
    },
    {
        "artista": "Everglow",
        "nombre": "-77.82x-78.29",
        "fechasalida": {
            "dia": "14",
            "mes": "09",
            "ano": "2020"
        },
        "descripcion": null,
        "genero": "Kpop",
        "precio": 24.2,
        "existencias": 999,
        "ventas": 0,
        "numerocanciones": 15,
        "_class": "gal.usc.etse.grei.es.project.model.Disco"
    },
    {
        "artista": "Everglow",
        "nombre": "reminiscence",
        "fechasalida": {
            "dia": "16",
            "mes": "03",
            "ano": "2020"
        },
        "descripcion": null,
        "genero": "Kpop",
        "precio": 24.61,
        "existencias": 134,
        "ventas": 0,
        "numerocanciones": 16,
        "_class": "gal.usc.etse.grei.es.project.model.Disco"
    },
    {
        "artista": "Everglow",
        "nombre": "HUSH",
        "fechasalida": {
            "dia": "23",
            "mes": "09",
            "ano": "2019"
        },
        "descripcion": null,
        "genero": "Kpop",
        "precio": 17.32,
        "existencias": 16,
        "ventas": 0,
        "numerocanciones": 4,
        "_class": "gal.usc.etse.grei.es.project.model.Disco"
    },
    {
        "artista": "Everglow",
        "nombre": "ARRIVAL OF EVERGLOW",
        "fechasalida": {
            "dia": "24",
            "mes": "06",
            "ano": "2019"
        },
        "descripcion": null,
        "genero": "Kpop",
        "precio": 29.26,
        "existencias": 2,
        "ventas": 0,
        "numerocanciones": 10,
        "_class": "gal.usc.etse.grei.es.project.model.Disco"
    },
    {
        "artista": "Mitte Ghost",
        "nombre": "R U Down",
        "fechasalida": {
            "dia": "17",
            "mes": "09",
            "ano": "2020"
        },
        "descripcion": null,
        "genero": "Pop",
        "precio": 29.96,
        "existencias": 999,
        "ventas": 0,
        "numerocanciones": 6,
        "_class": "gal.usc.etse.grei.es.project.model.Disco"
    },
    {
        "artista": "Dreamcatcher",
        "nombre": "Prequel",
        "fechasalida": {
            "dia": "13",
            "mes": "07",
            "ano": "2017"
        },
        "descripcion": null,
        "genero": "Kpop",
        "precio": 12.63,
        "existencias": 999,
        "ventas": 0,
        "numerocanciones": 5,
        "_class": "gal.usc.etse.grei.es.project.model.Disco"
    },
    {
        "artista": "Dreamcatcher",
        "nombre": "Escape the Era",
        "fechasalida": {
            "dia": "14",
            "mes": "05",
            "ano": "2018"
        },
        "descripcion": null,
        "genero": "Kpop",
        "precio": 14.23,
        "existencias": 999,
        "ventas": 0,
        "numerocanciones": 5,
        "_class": "gal.usc.etse.grei.es.project.model.Disco"
    },
    {
        "artista": "Dreamcatcher",
        "nombre": "Alone in the City",
        "fechasalida": {
            "dia": "17",
            "mes": "09",
            "ano": "2018"
        },
        "descripcion": null,
        "genero": "Kpop",
        "precio": 18.86,
        "existencias": 999,
        "ventas": 0,
        "numerocanciones": 4,
        "_class": "gal.usc.etse.grei.es.project.model.Disco"
    },
    {
        "artista": "Dreamcatcher",
        "nombre": "The End of Nightmare",
        "fechasalida": {
            "dia": "11",
            "mes": "02",
            "ano": "2019"
        },
        "descripcion": null,
        "genero": "Kpop",
        "precio": 16.96,
        "existencias": 999,
        "ventas": 0,
        "numerocanciones": 15,
        "_class": "gal.usc.etse.grei.es.project.model.Disco"
    },
    {
        "artista": "Dreamcatcher",
        "nombre": "The Beggining of the End",
        "fechasalida": {
            "dia": "16",
            "mes": "09",
            "ano": "2019"
        },
        "descripcion": null,
        "genero": "Kpop",
        "precio": 17.69,
        "existencias": 999,
        "ventas": 0,
        "numerocanciones": 11,
        "_class": "gal.usc.etse.grei.es.project.model.Disco"
    },
    {
        "artista": "Dreamcatcher",
        "nombre": "Raid of Dream",
        "fechasalida": {
            "dia": "16",
            "mes": "09",
            "ano": "2019"
        },
        "descripcion": null,
        "genero": "Kpop",
        "precio": 14.43,
        "existencias": 999,
        "ventas": 0,
        "numerocanciones": 7,
        "_class": "gal.usc.etse.grei.es.project.model.Disco"
    },
    {
        "artista": "Dreamcatcher",
        "nombre": "The Tree of Language",
        "fechasalida": {
            "dia": "10",
            "mes": "02",
            "ano": "2020"
        },
        "descripcion": null,
        "genero": "Kpop",
        "precio": 22.41,
        "existencias": 999,
        "ventas": 0,
        "numerocanciones": 8,
        "_class": "gal.usc.etse.grei.es.project.model.Disco"
    },
    {
        "artista": "Dreamcatcher",
        "nombre": "Lose Myself",
        "fechasalida": {
            "dia": "17",
            "mes": "08",
            "ano": "2020"
        },
        "descripcion": null,
        "genero": "Kpop",
        "precio": 12.53,
        "existencias": 999,
        "ventas": 0,
        "numerocanciones": 9,
        "_class": "gal.usc.etse.grei.es.project.model.Disco"
    },
    {
        "artista": "Dreamcatcher",
        "nombre": "Road To Utopia",
        "fechasalida": {
            "dia": "08",
            "mes": "02",
            "ano": "2021"
        },
        "descripcion": null,
        "genero": "Kpop",
        "precio": 20.92,
        "existencias": 999,
        "ventas": 0,
        "numerocanciones": 12,
        "_class": "gal.usc.etse.grei.es.project.model.Disco"
    },
    {
        "artista": "Dreamcatcher",
        "nombre": "Summer Holiday",
        "fechasalida": {
            "dia": "26",
            "mes": "07",
            "ano": "2021"
        },
        "descripcion": null,
        "genero": "Kpop",
        "precio": 11.75,
        "existencias": 999,
        "ventas": 0,
        "numerocanciones": 12,
        "_class": "gal.usc.etse.grei.es.project.model.Disco"
    },
    {
        "artista": "Dreamcatcher",
        "nombre": "Save Us",
        "fechasalida": {
            "dia": "12",
            "mes": "04",
            "ano": "2022"
        },
        "descripcion": null,
        "genero": "Kpop",
        "precio": 10.45,
        "existencias": 999,
        "ventas": 0,
        "numerocanciones": 10,
        "_class": "gal.usc.etse.grei.es.project.model.Disco"
    },
    {
        "artista": "Andrea",
        "nombre": "Circles",
        "fechasalida": {
            "dia": "14",
            "mes": "05",
            "ano": "2022"
        },
        "descripcion": "Eurovision 2022",
        "genero": "Pop",
        "precio": 14.14,
        "existencias": 999,
        "ventas": 0,
        "numerocanciones": 5,
        "_class": "gal.usc.etse.grei.es.project.model.Disco"
    },
    {
        "artista": "LPS",
        "nombre": "Disko",
        "fechasalida": {
            "dia": "14",
            "mes": "05",
            "ano": "2022"
        },
        "descripcion": "Eurovision 2022",
        "genero": "Pop",
        "precio": 23.78,
        "existencias": 999,
        "ventas": 0,
        "numerocanciones": 11,
        "_class": "gal.usc.etse.grei.es.project.model.Disco"
    },
    {
        "artista": "Chanel",
        "nombre": "SloMo",
        "fechasalida": {
            "dia": "14",
            "mes": "05",
            "ano": "2022"
        },
        "descripcion": "Eurovision 2022",
        "genero": "Pop",
        "precio": 26.38,
        "existencias": 999,
        "ventas": 0,
        "numerocanciones": 16,
        "_class": "gal.usc.etse.grei.es.project.model.Disco"
    },
    {
        "artista": "Andromache",
        "nombre": "Ela",
        "fechasalida": {
            "dia": "14",
            "mes": "05",
            "ano": "2022"
        },
        "descripcion": "Eurovision 2022",
        "genero": "Pop",
        "precio": 26.44,
        "existencias": 999,
        "ventas": 0,
        "numerocanciones": 12,
        "_class": "gal.usc.etse.grei.es.project.model.Disco"
    },
    {
        "artista": "Bea Miller",
        "nombre": "Playground",
        "fechasalida": {
            "dia": "09",
            "mes": "10",
            "ano": "2021"
        },
        "descripcion": "League of Legends",
        "genero": "Pop",
        "precio": 22.96,
        "existencias": 999,
        "ventas": 0,
        "numerocanciones": 12,
        "_class": "gal.usc.etse.grei.es.project.model.Disco"
    },
    {
        "artista": "Against The Current",
        "nombre": "blindfolded",
        "fechasalida": {
            "dia": "02",
            "mes": "12",
            "ano": "2022"
        },
        "descripcion": null,
        "genero": "Rock",
        "precio": 10.63,
        "existencias": 999,
        "ventas": 0,
        "numerocanciones": 13,
        "_class": "gal.usc.etse.grei.es.project.model.Disco"
    },
    {
        "artista": "Beethoven",
        "nombre": "Piano Sonatas",
        "fechasalida": {
            "dia": "17",
            "mes": "09",
            "ano": "1795"
        },
        "descripcion": null,
        "genero": "Cl\u00e1sica",
        "precio": 23.64,
        "existencias": 999,
        "ventas": 0,
        "numerocanciones": 5,
        "_class": "gal.usc.etse.grei.es.project.model.Disco"
    },
    {
        "artista": "Dreamcatcher",
        "nombre": "Follow Us",
        "fechasalida": {
            "dia": "11",
            "mes": "10",
            "ano": "2022"
        },
        "descripcion": null,
        "genero": "Kpop",
        "precio": 17.06,
        "existencias": 999,
        "ventas": 0,
        "numerocanciones": 14,
        "_class": "gal.usc.etse.grei.es.project.model.Disco"
    },
    {
        "artista": "Pentakill",
        "nombre": "Smite and Ignite",
        "fechasalida": {
            "dia": "21",
            "mes": "08",
            "ano": "2014"
        },
        "descripcion": "League of Legends",
        "genero": "Rock",
        "precio": 25.71,
        "existencias": 999,
        "ventas": 0,
        "numerocanciones": 8,
        "_class": "gal.usc.etse.grei.es.project.model.Disco"
    },
    {
        "artista": "Pentakill",
        "nombre": "II: Grasp of the Undying",
        "fechasalida": {
            "dia": "11",
            "mes": "09",
            "ano": "2017"
        },
        "descripcion": "League of Legends",
        "genero": "Rock",
        "precio": 22.96,
        "existencias": 999,
        "ventas": 0,
        "numerocanciones": 6,
        "_class": "gal.usc.etse.grei.es.project.model.Disco"
    },
    {
        "artista": "Emma Muscat",
        "nombre": "I Am What I Am",
        "fechasalida": {
            "dia": "14",
            "mes": "05",
            "ano": "2022"
        },
        "descripcion": "Eurovision 2022",
        "genero": "Pop",
        "precio": 21.61,
        "existencias": 999,
        "ventas": 0,
        "numerocanciones": 8,
        "_class": "gal.usc.etse.grei.es.project.model.Disco"
    },
    {
        "artista": "Pentakill",
        "nombre": "III: Lost Chapter",
        "fechasalida": {
            "dia": "23",
            "mes": "09",
            "ano": "2021"
        },
        "descripcion": "League of Legends",
        "genero": "Rock",
        "precio": 27.95,
        "existencias": 999,
        "ventas": 0,
        "numerocanciones": 14,
        "_class": "gal.usc.etse.grei.es.project.model.Disco"
    },
    {
        "artista": "Against The Current",
        "nombre": "Legends Never Die",
        "fechasalida": {
            "dia": "20",
            "mes": "09",
            "ano": "2017"
        },
        "descripcion": "League of Legends",
        "genero": "Pop",
        "precio": 19.26,
        "existencias": 999,
        "ventas": 0,
        "numerocanciones": 10,
        "_class": "gal.usc.etse.grei.es.project.model.Disco"
    },
    {
        "artista": "Against The Current",
        "nombre": "In Our Bones",
        "fechasalida": {
            "dia": "16",
            "mes": "06",
            "ano": "2016"
        },
        "descripcion": null,
        "genero": "Rock",
        "precio": 27.33,
        "existencias": 999,
        "ventas": 0,
        "numerocanciones": 11,
        "_class": "gal.usc.etse.grei.es.project.model.Disco"
    },
    {
        "artista": "Against The Current",
        "nombre": "Past Lives",
        "fechasalida": {
            "dia": "26",
            "mes": "07",
            "ano": "2018"
        },
        "descripcion": null,
        "genero": "Rock",
        "precio": 24.86,
        "existencias": 999,
        "ventas": 0,
        "numerocanciones": 13,
        "_class": "gal.usc.etse.grei.es.project.model.Disco"
    },
    {
        "artista": "Against The Current",
        "nombre": "fever",
        "fechasalida": {
            "dia": "24",
            "mes": "06",
            "ano": "2021"
        },
        "descripcion": null,
        "genero": "Rock",
        "precio": 16.17,
        "existencias": 999,
        "ventas": 0,
        "numerocanciones": 16,
        "_class": "gal.usc.etse.grei.es.project.model.Disco"
    },
    {
        "artista": "Against The Current",
        "nombre": "Wildfire",
        "fechasalida": {
            "dia": "13",
            "mes": "01",
            "ano": "2022"
        },
        "descripcion": null,
        "genero": "Rock",
        "precio": 20.63,
        "existencias": 999,
        "ventas": 0,
        "numerocanciones": 15,
        "_class": "gal.usc.etse.grei.es.project.model.Disco"
    },
    {
        "artista": "KDA",
        "nombre": "Pop Stars",
        "fechasalida": {
            "dia": "17",
            "mes": "11",
            "ano": "2018"
        },
        "descripcion": "League of Legends",
        "genero": "Kpop",
        "precio": 16.85,
        "existencias": 999,
        "ventas": 0,
        "numerocanciones": 5,
        "_class": "gal.usc.etse.grei.es.project.model.Disco"
    },
    {
        "artista": "KDA",
        "nombre": "ALL OUT",
        "fechasalida": {
            "dia": "17",
            "mes": "09",
            "ano": "2020"
        },
        "descripcion": "League of Legends",
        "genero": "Kpop",
        "precio": 12.03,
        "existencias": 999,
        "ventas": 0,
        "numerocanciones": 13,
        "_class": "gal.usc.etse.grei.es.project.model.Disco"
    },
    {
        "artista": "Ruelle",
        "nombre": "10 Feet Down",
        "fechasalida": {
            "dia": "17",
            "mes": "11",
            "ano": "2018"
        },
        "descripcion": null,
        "genero": "Pop",
        "precio": 17.36,
        "existencias": 999,
        "ventas": 0,
        "numerocanciones": 15,
        "_class": "gal.usc.etse.grei.es.project.model.Disco"
    },
    {
        "artista": "Lena",
        "nombre": "Satellite",
        "fechasalida": {
            "dia": "15",
            "mes": "05",
            "ano": "2010"
        },
        "descripcion": "Eurovision 2010",
        "genero": "Pop",
        "precio": 22.29,
        "existencias": 999,
        "ventas": 0,
        "numerocanciones": 6,
        "_class": "gal.usc.etse.grei.es.project.model.Disco"
    },
    {
        "artista": "Nikki & Ell",
        "nombre": "Running Scared",
        "fechasalida": {
            "dia": "14",
            "mes": "05",
            "ano": "2011"
        },
        "descripcion": "Eurovision 2011",
        "genero": "Pop",
        "precio": 16.34,
        "existencias": 999,
        "ventas": 0,
        "numerocanciones": 10,
        "_class": "gal.usc.etse.grei.es.project.model.Disco"
    },
    {
        "artista": "Loreen",
        "nombre": "Euphoria",
        "fechasalida": {
            "dia": "12",
            "mes": "05",
            "ano": "2012"
        },
        "descripcion": "Eurovision 2012",
        "genero": "Pop",
        "precio": 21.75,
        "existencias": 999,
        "ventas": 0,
        "numerocanciones": 15,
        "_class": "gal.usc.etse.grei.es.project.model.Disco"
    },
    {
        "artista": "Emmelie De Forest",
        "nombre": "Only Teardrops",
        "fechasalida": {
            "dia": "11",
            "mes": "05",
            "ano": "2013"
        },
        "descripcion": "Eurovision 2013",
        "genero": "Pop",
        "precio": 19.26,
        "existencias": 999,
        "ventas": 0,
        "numerocanciones": 6,
        "_class": "gal.usc.etse.grei.es.project.model.Disco"
    },
    {
        "artista": "Conchita Wurst",
        "nombre": "Rise Like A Phoenix",
        "fechasalida": {
            "dia": "10",
            "mes": "05",
            "ano": "2014"
        },
        "descripcion": "Eurovision 2014",
        "genero": "Pop",
        "precio": 10.61,
        "existencias": 999,
        "ventas": 0,
        "numerocanciones": 8,
        "_class": "gal.usc.etse.grei.es.project.model.Disco"
    },
    {
        "artista": "M\u00e5ns Zelmerl\u00f6w",
        "nombre": "Heroes",
        "fechasalida": {
            "dia": "16",
            "mes": "05",
            "ano": "2015"
        },
        "descripcion": "Eurovision 2015",
        "genero": "Pop",
        "precio": 29.34,
        "existencias": 999,
        "ventas": 0,
        "numerocanciones": 15,
        "_class": "gal.usc.etse.grei.es.project.model.Disco"
    },
    {
        "artista": "Jamala",
        "nombre": "1944",
        "fechasalida": {
            "dia": "14",
            "mes": "05",
            "ano": "2016"
        },
        "descripcion": "Eurovision 2016",
        "genero": "Pop",
        "precio": 23.31,
        "existencias": 999,
        "ventas": 0,
        "numerocanciones": 4,
        "_class": "gal.usc.etse.grei.es.project.model.Disco"
    },
    {
        "artista": "Salvador Sobral",
        "nombre": "Amar Pelos Dois",
        "fechasalida": {
            "dia": "13",
            "mes": "05",
            "ano": "2017"
        },
        "descripcion": "Eurovision 2017",
        "genero": "Pop",
        "precio": 12.93,
        "existencias": 999,
        "ventas": 0,
        "numerocanciones": 7,
        "_class": "gal.usc.etse.grei.es.project.model.Disco"
    },
    {
        "artista": "Netta",
        "nombre": "Toy",
        "fechasalida": {
            "dia": "12",
            "mes": "05",
            "ano": "2018"
        },
        "descripcion": "Eurovision 2018",
        "genero": "Pop",
        "precio": 13.75,
        "existencias": 999,
        "ventas": 0,
        "numerocanciones": 15,
        "_class": "gal.usc.etse.grei.es.project.model.Disco"
    },
    {
        "artista": "Duncan Laurence",
        "nombre": "Arcade",
        "fechasalida": {
            "dia": "11",
            "mes": "05",
            "ano": "2019"
        },
        "descripcion": "Eurovision 2019",
        "genero": "Pop",
        "precio": 14.66,
        "existencias": 999,
        "ventas": 0,
        "numerocanciones": 16,
        "_class": "gal.usc.etse.grei.es.project.model.Disco"
    },
    {
        "artista": "M\u00e5neskin",
        "nombre": "Teatro d'ira - Vol. I",
        "fechasalida": {
            "dia": "15",
            "mes": "05",
            "ano": "2021"
        },
        "descripcion": "Eurovision 2021",
        "genero": "Rock",
        "precio": 15.91,
        "existencias": 999,
        "ventas": 0,
        "numerocanciones": 16,
        "_class": "gal.usc.etse.grei.es.project.model.Disco"
    },
    {
        "artista": "Blackpink",
        "nombre": "BORN PINK",
        "fechasalida": {
            "dia": "16",
            "mes": "09",
            "ano": "2022"
        },
        "descripcion": null,
        "genero": "Kpop",
        "precio": 29.84,
        "existencias": 999,
        "ventas": 0,
        "numerocanciones": 15,
        "_class": "gal.usc.etse.grei.es.project.model.Disco"
    },
    {
        "artista": "We Are Domi",
        "nombre": "Lights Off",
        "fechasalida": {
            "dia": "14",
            "mes": "05",
            "ano": "2022"
        },
        "descripcion": "Eurovision 2022",
        "genero": "Pop",
        "precio": 24.29,
        "existencias": 999,
        "ventas": 0,
        "numerocanciones": 5,
        "_class": "gal.usc.etse.grei.es.project.model.Disco"
    },
    {
        "artista": "Ronela Hajati",
        "nombre": "SEKRET",
        "fechasalida": {
            "dia": "14",
            "mes": "05",
            "ano": "2022"
        },
        "descripcion": "Eurovision 2022",
        "genero": "Pop",
        "precio": 16.15,
        "existencias": 999,
        "ventas": 0,
        "numerocanciones": 7,
        "_class": "gal.usc.etse.grei.es.project.model.Disco"
    },
    {
        "artista": "LUM!X",
        "nombre": "Halo",
        "fechasalida": {
            "dia": "14",
            "mes": "05",
            "ano": "2022"
        },
        "descripcion": "Eurovision 2022",
        "genero": "Pop",
        "precio": 12.4,
        "existencias": 999,
        "ventas": 0,
        "numerocanciones": 5,
        "_class": "gal.usc.etse.grei.es.project.model.Disco"
    },
    {
        "artista": "Subwoolfer",
        "nombre": "Give That Wolf A Banana",
        "fechasalida": {
            "dia": "14",
            "mes": "05",
            "ano": "2022"
        },
        "descripcion": "Eurovision 2022",
        "genero": "Pop",
        "precio": 19.79,
        "existencias": 999,
        "ventas": 0,
        "numerocanciones": 8,
        "_class": "gal.usc.etse.grei.es.project.model.Disco"
    },
    {
        "artista": "S10",
        "nombre": "De Diepte",
        "fechasalida": {
            "dia": "14",
            "mes": "05",
            "ano": "2022"
        },
        "descripcion": "Eurovision 2022",
        "genero": "Pop",
        "precio": 24.81,
        "existencias": 999,
        "ventas": 0,
        "numerocanciones": 10,
        "_class": "gal.usc.etse.grei.es.project.model.Disco"
    },
    {
        "artista": "Brooke",
        "nombre": "That's Rich",
        "fechasalida": {
            "dia": "14",
            "mes": "05",
            "ano": "2022"
        },
        "descripcion": "Eurovision 2022",
        "genero": "Pop",
        "precio": 13.4,
        "existencias": 999,
        "ventas": 0,
        "numerocanciones": 16,
        "_class": "gal.usc.etse.grei.es.project.model.Disco"
    },
    {
        "artista": "Snow Da Product",
        "nombre": "Never Be Me",
        "fechasalida": {
            "dia": "19",
            "mes": "08",
            "ano": "2021"
        },
        "descripcion": null,
        "genero": "Hip Hop",
        "precio": 19.89,
        "existencias": 999,
        "ventas": 0,
        "numerocanciones": 13,
        "_class": "gal.usc.etse.grei.es.project.model.Disco"
    },
    {
        "artista": "Snow Da Product",
        "nombre": "How I Do It",
        "fechasalida": {
            "dia": "17",
            "mes": "09",
            "ano": "2020"
        },
        "descripcion": null,
        "genero": "Hip Hop",
        "precio": 11.47,
        "existencias": 999,
        "ventas": 0,
        "numerocanciones": 14,
        "_class": "gal.usc.etse.grei.es.project.model.Disco"
    },
    {
        "artista": "Snow Da Product",
        "nombre": "Biling\u00fce",
        "fechasalida": {
            "dia": "21",
            "mes": "03",
            "ano": "2019"
        },
        "descripcion": null,
        "genero": "Hip Hop",
        "precio": 11.21,
        "existencias": 999,
        "ventas": 0,
        "numerocanciones": 12,
        "_class": "gal.usc.etse.grei.es.project.model.Disco"
    },
    {
        "artista": "Snow Da Product",
        "nombre": "Butter",
        "fechasalida": {
            "dia": "22",
            "mes": "08",
            "ano": "2019"
        },
        "descripcion": null,
        "genero": "Hip Hop",
        "precio": 18.17,
        "existencias": 999,
        "ventas": 0,
        "numerocanciones": 7,
        "_class": "gal.usc.etse.grei.es.project.model.Disco"
    },
    {
        "artista": "Rosa Linn",
        "nombre": "SNAP",
        "fechasalida": {
            "dia": "14",
            "mes": "05",
            "ano": "2022"
        },
        "descripcion": "Eurovision 2022",
        "genero": "Pop",
        "precio": 22.52,
        "existencias": 999,
        "ventas": 0,
        "numerocanciones": 14,
        "_class": "gal.usc.etse.grei.es.project.model.Disco"
    },
    {
        "artista": "Citi Zeni",
        "nombre": "Eat Your Salad",
        "fechasalida": {
            "dia": "14",
            "mes": "05",
            "ano": "2022"
        },
        "descripcion": "Eurovision 2022",
        "genero": "Pop",
        "precio": 17.05,
        "existencias": 999,
        "ventas": 0,
        "numerocanciones": 13,
        "_class": "gal.usc.etse.grei.es.project.model.Disco"
    },
    {
        "artista": "Mahmood",
        "nombre": "Ghettolimpo",
        "fechasalida": {
            "dia": "11",
            "mes": "11",
            "ano": "2021"
        },
        "descripcion": null,
        "genero": "Hip Hop",
        "precio": 22.47,
        "existencias": 450,
        "ventas": 0,
        "numerocanciones": 9,
        "_class": "gal.usc.etse.grei.es.project.model.Disco"
    },
    {
        "artista": "Mahmood",
        "nombre": "Giovent\u00f9 Bruciata",
        "fechasalida": {
            "dia": "17",
            "mes": "07",
            "ano": "2019"
        },
        "descripcion": null,
        "genero": "Hip Hop",
        "precio": 24.75,
        "existencias": 339,
        "ventas": 0,
        "numerocanciones": 11,
        "_class": "gal.usc.etse.grei.es.project.model.Disco"
    },
    {
        "artista": "Aitana",
        "nombre": "Sus canciones",
        "fechasalida": {
            "dia": "22",
            "mes": "10",
            "ano": "2018"
        },
        "descripcion": null,
        "genero": "Pop",
        "precio": 11.8,
        "existencias": 6,
        "ventas": 0,
        "numerocanciones": 15,
        "_class": "gal.usc.etse.grei.es.project.model.Disco"
    },
    {
        "artista": "Aitana",
        "nombre": "Spoiler",
        "fechasalida": {
            "dia": "22",
            "mes": "05",
            "ano": "2019"
        },
        "descripcion": null,
        "genero": "Pop",
        "precio": 28.15,
        "existencias": 999,
        "ventas": 0,
        "numerocanciones": 5,
        "_class": "gal.usc.etse.grei.es.project.model.Disco"
    },
    {
        "artista": "Aitana",
        "nombre": "11 Razones",
        "fechasalida": {
            "dia": "14",
            "mes": "10",
            "ano": "2020"
        },
        "descripcion": null,
        "genero": "Pop",
        "precio": 18.3,
        "existencias": 999,
        "ventas": 0,
        "numerocanciones": 16,
        "_class": "gal.usc.etse.grei.es.project.model.Disco"
    },
    {
        "artista": "STEFAN",
        "nombre": "Hope",
        "fechasalida": {
            "dia": "14",
            "mes": "05",
            "ano": "2022"
        },
        "descripcion": "Eurovision 2022",
        "genero": "Pop",
        "precio": 14.6,
        "existencias": 999,
        "ventas": 0,
        "numerocanciones": 6,
        "_class": "gal.usc.etse.grei.es.project.model.Disco"
    },
    {
        "artista": "Blackpink",
        "nombre": "THE ALBUM",
        "fechasalida": {
            "dia": "10",
            "mes": "09",
            "ano": "2020"
        },
        "descripcion": null,
        "genero": "Kpop",
        "precio": 24.68,
        "existencias": 999,
        "ventas": 0,
        "numerocanciones": 4,
        "_class": "gal.usc.etse.grei.es.project.model.Disco"
    },
    {
        "artista": "Blackpink",
        "nombre": "SQUARE ONE",
        "fechasalida": {
            "dia": "10",
            "mes": "03",
            "ano": "2016"
        },
        "descripcion": null,
        "genero": "Kpop",
        "precio": 17.25,
        "existencias": 999,
        "ventas": 0,
        "numerocanciones": 7,
        "_class": "gal.usc.etse.grei.es.project.model.Disco"
    },
    {
        "artista": "Blackpink",
        "nombre": "SQUARE TWO",
        "fechasalida": {
            "dia": "18",
            "mes": "08",
            "ano": "2016"
        },
        "descripcion": null,
        "genero": "Kpop",
        "precio": 28.56,
        "existencias": 999,
        "ventas": 0,
        "numerocanciones": 15,
        "_class": "gal.usc.etse.grei.es.project.model.Disco"
    },
    {
        "artista": "Blackpink",
        "nombre": "As If It's Your Last",
        "fechasalida": {
            "dia": "14",
            "mes": "09",
            "ano": "2017"
        },
        "descripcion": null,
        "genero": "Kpop",
        "precio": 15.9,
        "existencias": 999,
        "ventas": 0,
        "numerocanciones": 16,
        "_class": "gal.usc.etse.grei.es.project.model.Disco"
    },
    {
        "artista": "Blackpink",
        "nombre": "SQUARE UP",
        "fechasalida": {
            "dia": "16",
            "mes": "08",
            "ano": "2018"
        },
        "descripcion": null,
        "genero": "Kpop",
        "precio": 20.43,
        "existencias": 999,
        "ventas": 0,
        "numerocanciones": 14,
        "_class": "gal.usc.etse.grei.es.project.model.Disco"
    },
    {
        "artista": "Blackpink",
        "nombre": "KILL THIS LOVE",
        "fechasalida": {
            "dia": "15",
            "mes": "08",
            "ano": "2019"
        },
        "descripcion": null,
        "genero": "Kpop",
        "precio": 26.99,
        "existencias": 999,
        "ventas": 0,
        "numerocanciones": 13,
        "_class": "gal.usc.etse.grei.es.project.model.Disco"
    },
    {
        "artista": "Martin Garrix",
        "nombre": "Sentio",
        "fechasalida": {
            "dia": "21",
            "mes": "02",
            "ano": "2022"
        },
        "descripcion": null,
        "genero": "Electr\u00f3nica",
        "precio": 24.3,
        "existencias": 999,
        "ventas": 0,
        "numerocanciones": 7,
        "_class": "gal.usc.etse.grei.es.project.model.Disco"
    },
    {
        "artista": "Martin Garrix",
        "nombre": "Greatest Hits Vol.1",
        "fechasalida": {
            "dia": "13",
            "mes": "10",
            "ano": "2021"
        },
        "descripcion": null,
        "genero": "Electr\u00f3nica",
        "precio": 29.18,
        "existencias": 999,
        "ventas": 0,
        "numerocanciones": 11,
        "_class": "gal.usc.etse.grei.es.project.model.Disco"
    },
    {
        "artista": "R3HAB",
        "nombre": "The Wave",
        "fechasalida": {
            "dia": "14",
            "mes": "06",
            "ano": "2018"
        },
        "descripcion": null,
        "genero": "Electr\u00f3nica",
        "precio": 18.75,
        "existencias": 16,
        "ventas": 0,
        "numerocanciones": 12,
        "_class": "gal.usc.etse.grei.es.project.model.Disco"
    },
    {
        "artista": "R3HAB",
        "nombre": "Trouble",
        "fechasalida": {
            "dia": "18",
            "mes": "10",
            "ano": "2017"
        },
        "descripcion": null,
        "genero": "Electr\u00f3nica",
        "precio": 17.4,
        "existencias": 2,
        "ventas": 0,
        "numerocanciones": 9,
        "_class": "gal.usc.etse.grei.es.project.model.Disco"
    },
    {
        "artista": "Morad",
        "nombre": "M.D.L.R",
        "fechasalida": {
            "dia": "13",
            "mes": "03",
            "ano": "2019"
        },
        "descripcion": null,
        "genero": "Hip Hop",
        "precio": 26.28,
        "existencias": 999,
        "ventas": 0,
        "numerocanciones": 10,
        "_class": "gal.usc.etse.grei.es.project.model.Disco"
    },
    {
        "artista": "Morad",
        "nombre": "Le bon vieux son",
        "fechasalida": {
            "dia": "20",
            "mes": "10",
            "ano": "2010"
        },
        "descripcion": null,
        "genero": "Hip Hop",
        "precio": 18.51,
        "existencias": 999,
        "ventas": 0,
        "numerocanciones": 6,
        "_class": "gal.usc.etse.grei.es.project.model.Disco"
    },
    {
        "artista": "Kavinsky",
        "nombre": "Reborn",
        "fechasalida": {
            "dia": "24",
            "mes": "03",
            "ano": "2022"
        },
        "descripcion": null,
        "genero": "Electr\u00f3nica",
        "precio": 19.62,
        "existencias": 999,
        "ventas": 0,
        "numerocanciones": 9,
        "_class": "gal.usc.etse.grei.es.project.model.Disco"
    },
    {
        "artista": "Kavinsky",
        "nombre": "OutRun",
        "fechasalida": {
            "dia": "17",
            "mes": "06",
            "ano": "2013"
        },
        "descripcion": null,
        "genero": "Electr\u00f3nica",
        "precio": 13.65,
        "existencias": 999,
        "ventas": 0,
        "numerocanciones": 5,
        "_class": "gal.usc.etse.grei.es.project.model.Disco"
    },
    {
        "artista": "Imagine Dragons",
        "nombre": "Enemy",
        "fechasalida": {
            "dia": "09",
            "mes": "10",
            "ano": "2021"
        },
        "descripcion": "League of Legends",
        "genero": "Pop",
        "precio": 23.71,
        "existencias": 999,
        "ventas": 0,
        "numerocanciones": 10,
        "_class": "gal.usc.etse.grei.es.project.model.Disco"
    },
    {
        "artista": "Imagine Dragons",
        "nombre": "Warriors",
        "fechasalida": {
            "dia": "17",
            "mes": "09",
            "ano": "2014"
        },
        "descripcion": "League of Legends",
        "genero": "Pop",
        "precio": 16.61,
        "existencias": 999,
        "ventas": 0,
        "numerocanciones": 12,
        "_class": "gal.usc.etse.grei.es.project.model.Disco"
    },
    {
        "artista": "PVRIS",
        "nombre": "Burn It All Down",
        "fechasalida": {
            "dia": "14",
            "mes": "09",
            "ano": "2021"
        },
        "descripcion": "League of Legends",
        "genero": "Pop",
        "precio": 10.22,
        "existencias": 999,
        "ventas": 0,
        "numerocanciones": 8,
        "_class": "gal.usc.etse.grei.es.project.model.Disco"
    },
    {
        "artista": "PVRIS",
        "nombre": "Sacrificial",
        "fechasalida": {
            "dia": "17",
            "mes": "11",
            "ano": "2022"
        },
        "descripcion": "League of Legends",
        "genero": "Electr\u00f3nica",
        "precio": 24.97,
        "existencias": 999,
        "ventas": 0,
        "numerocanciones": 9,
        "_class": "gal.usc.etse.grei.es.project.model.Disco"
    },
    {
        "artista": "PVRIS",
        "nombre": "Snakes",
        "fechasalida": {
            "dia": "09",
            "mes": "10",
            "ano": "2021"
        },
        "descripcion": "League of Legends",
        "genero": "Rock",
        "precio": 29.58,
        "existencias": 999,
        "ventas": 0,
        "numerocanciones": 11,
        "_class": "gal.usc.etse.grei.es.project.model.Disco"
    }
]